{"cameraMode":{"drawMode":0,"name":"Shaded","section":"Shading Mode"},"sceneLighting":true,"audioPlay":false,"sceneViewState":{"m_AlwaysRefresh":false,"showFog":true,"showSkybox":true,"showFlares":true,"showImageEffects":true,"showParticleSystems":true,"showVisualEffectGraphs":true,"m_FxEnabled":true},"in2DMode":false,"pivot":{"x":-9.269989013671875,"y":0.3387715816497803,"z":-8.697035789489746},"rotation":{"x":-0.014220216311514378,"y":0.7816287279129028,"z":-0.01783129945397377,"w":-0.6233282685279846},"size":13.452966690063477,"orthographic":false}